Jahr,Baualter,Zimmeranzahl,MedianPreis,PreisProQm,Zimmeranzahl_num,Baujahr
2009,Neubauten (0–1 Jahre),1-Zimmer,375000,6818,1,
2009,2–9 Jahre,1-Zimmer,926090,17618,1,
2009,10–19 Jahre,1-Zimmer,371180,8361,1,
2009,Altbauten (umgebaut),1-Zimmer,213060,9389,1,
2009,Altbauten (nicht umgebaut),1-Zimmer,264100,8500,1,
2009,Total,1-Zimmer,265000,8552,1,
2009,Neubauten (0–1 Jahre),2-Zimmer,765000,11612,2,
2009,2–9 Jahre,2-Zimmer,1173910,12551,2,
2009,10–19 Jahre,2-Zimmer,450000,7566,2,
2009,Altbauten (umgebaut),2-Zimmer,505000,8561,2,
2009,Altbauten (nicht umgebaut),2-Zimmer,384730,7143,2,
2009,Total,2-Zimmer,505000,7800,2,
2009,Neubauten (0–1 Jahre),3-Zimmer,745000,7614,3,
2009,2–9 Jahre,3-Zimmer,1143500,10446,3,
2009,10–19 Jahre,3-Zimmer,750000,8824,3,
2009,Altbauten (umgebaut),3-Zimmer,595000,9400,3,
2009,Altbauten (nicht umgebaut),3-Zimmer,490000,6071,3,
2009,Total,3-Zimmer,698550,7389,3,
2009,Neubauten (0–1 Jahre),4-Zimmer,835000,6573,4,
2009,2–9 Jahre,4-Zimmer,925000,6132,4,
2009,10–19 Jahre,4-Zimmer,940000,8864,4,
2009,Altbauten (umgebaut),4-Zimmer,1450000,12594,4,
2009,Altbauten (nicht umgebaut),4-Zimmer,770000,7966,4,
2009,Total,4-Zimmer,855750,7577,4,
2009,Neubauten (0–1 Jahre),5-Zimmer,1316780,7085,5,
2009,2–9 Jahre,5-Zimmer,1537580,10631,5,
2009,10–19 Jahre,5-Zimmer,2763230,16293,5,
2009,Altbauten (umgebaut),5-Zimmer,1575000,10185,5,
2009,Altbauten (nicht umgebaut),5-Zimmer,1118000,8912,5,
2009,Total,5-Zimmer,1312500,9117,5,
2009,Neubauten (0–1 Jahre),6-Zimmer und mehr,1412500,5045,6,
2009,2–9 Jahre,6-Zimmer und mehr,1170000,6536,6,
2009,10–19 Jahre,6-Zimmer und mehr,4500000,28302,6,
2009,Altbauten (umgebaut),6-Zimmer und mehr,1600000,12064,6,
2009,Altbauten (nicht umgebaut),6-Zimmer und mehr,2215000,12480,6,
2009,Total,6-Zimmer und mehr,1470810,8015,6,
2010,2–9 Jahre,1-Zimmer,1300000,10153,1,
2010,10–19 Jahre,1-Zimmer,316670,11072,1,
2010,Altbauten (umgebaut),1-Zimmer,408050,12434,1,
2010,Altbauten (nicht umgebaut),1-Zimmer,270000,8491,1,
2010,Total,1-Zimmer,307500,9310,1,
2010,Neubauten (0–1 Jahre),2-Zimmer,550000,7230,2,
2010,2–9 Jahre,2-Zimmer,850000,10119,2,
2010,10–19 Jahre,2-Zimmer,370000,6607,2,
2010,Altbauten (umgebaut),2-Zimmer,824380,12450,2,
2010,Altbauten (nicht umgebaut),2-Zimmer,420000,7520,2,
2010,Total,2-Zimmer,522500,7590,2,
2010,Neubauten (0–1 Jahre),3-Zimmer,825000,7736,3,
2010,2–9 Jahre,3-Zimmer,880000,9043,3,
2010,10–19 Jahre,3-Zimmer,700000,8026,3,
2010,Altbauten (umgebaut),3-Zimmer,1063000,8823,3,
2010,Altbauten (nicht umgebaut),3-Zimmer,582500,7737,3,
2010,Total,3-Zimmer,800000,8026,3,
2010,Neubauten (0–1 Jahre),4-Zimmer,920000,7077,4,
2010,2–9 Jahre,4-Zimmer,1500000,9158,4,
2010,10–19 Jahre,4-Zimmer,793820,7509,4,
2010,Altbauten (umgebaut),4-Zimmer,1444500,9296,4,
2010,Altbauten (nicht umgebaut),4-Zimmer,755000,7345,4,
2010,Total,4-Zimmer,940000,7493,4,
2010,Neubauten (0–1 Jahre),5-Zimmer,1120000,7714,5,
2010,2–9 Jahre,5-Zimmer,1430000,10201,5,
2010,10–19 Jahre,5-Zimmer,1765000,13444,5,
2010,Altbauten (umgebaut),5-Zimmer,1737500,9382,5,
2010,Altbauten (nicht umgebaut),5-Zimmer,1318130,10038,5,
2010,Total,5-Zimmer,1194500,8540,5,
2010,Neubauten (0–1 Jahre),6-Zimmer und mehr,1050000,5151,6,
2010,2–9 Jahre,6-Zimmer und mehr,2750000,10561,6,
2010,10–19 Jahre,6-Zimmer und mehr,2874700,12079,6,
2010,Altbauten (umgebaut),6-Zimmer und mehr,2175000,14334,6,
2010,Altbauten (nicht umgebaut),6-Zimmer und mehr,1580000,8056,6,
2010,Total,6-Zimmer und mehr,1660000,8056,6,
2011,Neubauten (0–1 Jahre),1-Zimmer,313000,7547,1,
2011,2–9 Jahre,1-Zimmer,1430000,11832,1,
2011,10–19 Jahre,1-Zimmer,362780,10746,1,
2011,Altbauten (umgebaut),1-Zimmer,320000,11896,1,
2011,Altbauten (nicht umgebaut),1-Zimmer,260000,9800,1,
2011,Total,1-Zimmer,311000,9728,1,
2011,Neubauten (0–1 Jahre),2-Zimmer,842500,9533,2,
2011,2–9 Jahre,2-Zimmer,1220000,10721,2,
2011,10–19 Jahre,2-Zimmer,727500,11254,2,
2011,Altbauten (umgebaut),2-Zimmer,705700,10692,2,
2011,Altbauten (nicht umgebaut),2-Zimmer,440000,8036,2,
2011,Total,2-Zimmer,650000,9409,2,
2011,Neubauten (0–1 Jahre),3-Zimmer,757500,7249,3,
2011,2–9 Jahre,3-Zimmer,950000,10868,3,
2011,10–19 Jahre,3-Zimmer,960000,14000,3,
2011,Altbauten (umgebaut),3-Zimmer,653200,9606,3,
2011,Altbauten (nicht umgebaut),3-Zimmer,676120,7836,3,
2011,Total,3-Zimmer,740000,7839,3,
2011,Neubauten (0–1 Jahre),4-Zimmer,883590,7562,4,
2011,2–9 Jahre,4-Zimmer,1350000,10769,4,
2011,10–19 Jahre,4-Zimmer,1320000,10241,4,
2011,Altbauten (umgebaut),4-Zimmer,1290000,12944,4,
2011,Altbauten (nicht umgebaut),4-Zimmer,972500,9086,4,
2011,Total,4-Zimmer,1000000,8674,4,
2011,Neubauten (0–1 Jahre),5-Zimmer,1610000,10285,5,
2011,2–9 Jahre,5-Zimmer,1345000,7770,5,
2011,10–19 Jahre,5-Zimmer,2237500,13808,5,
2011,Altbauten (umgebaut),5-Zimmer,1790000,12407,5,
2011,Altbauten (nicht umgebaut),5-Zimmer,1075000,9009,5,
2011,Total,5-Zimmer,1450000,9984,5,
2011,Neubauten (0–1 Jahre),6-Zimmer und mehr,3990000,14354,6,
2011,2–9 Jahre,6-Zimmer und mehr,828140,4415,6,
2011,Altbauten (umgebaut),6-Zimmer und mehr,2876660,16361,6,
2011,Altbauten (nicht umgebaut),6-Zimmer und mehr,1630000,10999,6,
2011,Total,6-Zimmer und mehr,1800000,10843,6,
2012,Neubauten (0–1 Jahre),1-Zimmer,497900,9631,1,
2012,10–19 Jahre,1-Zimmer,130000,5000,1,
2012,Altbauten (umgebaut),1-Zimmer,1255000,13650,1,
2012,Altbauten (nicht umgebaut),1-Zimmer,275000,7022,1,
2012,Total,1-Zimmer,310000,7586,1,
2012,Neubauten (0–1 Jahre),2-Zimmer,1250000,12755,2,
2012,2–9 Jahre,2-Zimmer,971500,12725,2,
2012,10–19 Jahre,2-Zimmer,500000,8450,2,
2012,Altbauten (umgebaut),2-Zimmer,630000,12077,2,
2012,Altbauten (nicht umgebaut),2-Zimmer,534400,7979,2,
2012,Total,2-Zimmer,716000,10508,2,
2012,Neubauten (0–1 Jahre),3-Zimmer,890960,8361,3,
2012,2–9 Jahre,3-Zimmer,1169500,10544,3,
2012,10–19 Jahre,3-Zimmer,990000,10182,3,
2012,Altbauten (umgebaut),3-Zimmer,887500,9796,3,
2012,Altbauten (nicht umgebaut),3-Zimmer,697500,8627,3,
2012,Total,3-Zimmer,800000,8666,3,
2012,Neubauten (0–1 Jahre),4-Zimmer,1751000,12473,4,
2012,2–9 Jahre,4-Zimmer,1172500,9898,4,
2012,10–19 Jahre,4-Zimmer,1000000,8673,4,
2012,Altbauten (umgebaut),4-Zimmer,1985000,14597,4,
2012,Altbauten (nicht umgebaut),4-Zimmer,900000,9682,4,
2012,Total,4-Zimmer,1330000,10595,4,
2012,Neubauten (0–1 Jahre),5-Zimmer,1745500,11598,5,
2012,2–9 Jahre,5-Zimmer,1525000,10076,5,
2012,10–19 Jahre,5-Zimmer,1267500,9539,5,
2012,Altbauten (umgebaut),5-Zimmer,2740000,15953,5,
2012,Altbauten (nicht umgebaut),5-Zimmer,1275000,10189,5,
2012,Total,5-Zimmer,1515000,10775,5,
2012,Neubauten (0–1 Jahre),6-Zimmer und mehr,4125000,16821,6,
2012,2–9 Jahre,6-Zimmer und mehr,6221470,16709,6,
2012,Altbauten (nicht umgebaut),6-Zimmer und mehr,1340000,9113,6,
2012,Total,6-Zimmer und mehr,2715000,13090,6,
2013,Neubauten (0–1 Jahre),1-Zimmer,590000,7375,1,
2013,Altbauten (nicht umgebaut),1-Zimmer,310860,10690,1,
2013,Total,1-Zimmer,315430,10517,1,
2013,Neubauten (0–1 Jahre),2-Zimmer,900000,8679,2,
2013,2–9 Jahre,2-Zimmer,790000,11818,2,
2013,10–19 Jahre,2-Zimmer,680000,11333,2,
2013,Altbauten (umgebaut),2-Zimmer,447500,7890,2,
2013,Altbauten (nicht umgebaut),2-Zimmer,515000,7946,2,
2013,Total,2-Zimmer,800000,8783,2,
2013,Neubauten (0–1 Jahre),3-Zimmer,1020000,9044,3,
2013,2–9 Jahre,3-Zimmer,1070000,11368,3,
2013,10–19 Jahre,3-Zimmer,1207500,13722,3,
2013,Altbauten (umgebaut),3-Zimmer,980000,11974,3,
2013,Altbauten (nicht umgebaut),3-Zimmer,705000,8442,3,
2013,Total,3-Zimmer,940000,9133,3,
2013,Neubauten (0–1 Jahre),4-Zimmer,1289000,9549,4,
2013,2–9 Jahre,4-Zimmer,1250000,10192,4,
2013,10–19 Jahre,4-Zimmer,1695000,13471,4,
2013,Altbauten (umgebaut),4-Zimmer,1225000,13611,4,
2013,Altbauten (nicht umgebaut),4-Zimmer,1110000,10731,4,
2013,Total,4-Zimmer,1237500,10047,4,
2013,Neubauten (0–1 Jahre),5-Zimmer,1839000,12081,5,
2013,2–9 Jahre,5-Zimmer,1350000,9184,5,
2013,10–19 Jahre,5-Zimmer,1360000,8500,5,
2013,Altbauten (umgebaut),5-Zimmer,1840000,12558,5,
2013,Altbauten (nicht umgebaut),5-Zimmer,1450000,10704,5,
2013,Total,5-Zimmer,1600000,11422,5,
2013,Neubauten (0–1 Jahre),6-Zimmer und mehr,1939000,10832,6,
2013,2–9 Jahre,6-Zimmer und mehr,3000000,8902,6,
2013,10–19 Jahre,6-Zimmer und mehr,1805000,8848,6,
2013,Altbauten (umgebaut),6-Zimmer und mehr,2460000,13689,6,
2013,Altbauten (nicht umgebaut),6-Zimmer und mehr,2000000,12579,6,
2013,Total,6-Zimmer und mehr,2000000,12127,6,
2014,Neubauten (0–1 Jahre),1-Zimmer,665000,11477,1,
2014,10–19 Jahre,1-Zimmer,1227500,16088,1,
2014,Altbauten (umgebaut),1-Zimmer,890000,10536,1,
2014,Altbauten (nicht umgebaut),1-Zimmer,319090,9634,1,
2014,Total,1-Zimmer,665000,11026,1,
2014,Neubauten (0–1 Jahre),2-Zimmer,1005000,12102,2,
2014,2–9 Jahre,2-Zimmer,782120,10893,2,
2014,10–19 Jahre,2-Zimmer,610500,8942,2,
2014,Altbauten (umgebaut),2-Zimmer,629000,11857,2,
2014,Altbauten (nicht umgebaut),2-Zimmer,538300,8966,2,
2014,Total,2-Zimmer,910000,11420,2,
2014,Neubauten (0–1 Jahre),3-Zimmer,1185000,11550,3,
2014,2–9 Jahre,3-Zimmer,1030000,10638,3,
2014,10–19 Jahre,3-Zimmer,732500,7723,3,
2014,Altbauten (umgebaut),3-Zimmer,730000,10603,3,
2014,Altbauten (nicht umgebaut),3-Zimmer,685000,8429,3,
2014,Total,3-Zimmer,1060000,10703,3,
2014,Neubauten (0–1 Jahre),4-Zimmer,1360000,10678,4,
2014,2–9 Jahre,4-Zimmer,1300000,10392,4,
2014,10–19 Jahre,4-Zimmer,1860000,12553,4,
2014,Altbauten (umgebaut),4-Zimmer,1558000,12963,4,
2014,Altbauten (nicht umgebaut),4-Zimmer,950000,8673,4,
2014,Total,4-Zimmer,1263000,10675,4,
2014,Neubauten (0–1 Jahre),5-Zimmer,1545500,9739,5,
2014,2–9 Jahre,5-Zimmer,1700000,10828,5,
2014,10–19 Jahre,5-Zimmer,2235000,14018,5,
2014,Altbauten (umgebaut),5-Zimmer,1690050,10202,5,
2014,Altbauten (nicht umgebaut),5-Zimmer,1370000,11170,5,
2014,Total,5-Zimmer,1720090,11170,5,
2014,Neubauten (0–1 Jahre),6-Zimmer und mehr,2230000,12528,6,
2014,2–9 Jahre,6-Zimmer und mehr,3450000,13831,6,
2014,10–19 Jahre,6-Zimmer und mehr,2360000,12967,6,
2014,Altbauten (nicht umgebaut),6-Zimmer und mehr,1990000,11569,6,
2014,Total,6-Zimmer und mehr,2267500,12133,6,
2015,Neubauten (0–1 Jahre),1-Zimmer,495000,7071,1,
2015,Altbauten (umgebaut),1-Zimmer,800000,10308,1,
2015,Altbauten (nicht umgebaut),1-Zimmer,232000,8276,1,
2015,Total,1-Zimmer,470000,10000,1,
2015,Neubauten (0–1 Jahre),2-Zimmer,824070,11346,2,
2015,2–9 Jahre,2-Zimmer,1465000,14711,2,
2015,10–19 Jahre,2-Zimmer,681500,12085,2,
2015,Altbauten (umgebaut),2-Zimmer,530000,9906,2,
2015,Altbauten (nicht umgebaut),2-Zimmer,450000,8481,2,
2015,Total,2-Zimmer,755000,10835,2,
2015,Neubauten (0–1 Jahre),3-Zimmer,1195000,11400,3,
2015,2–9 Jahre,3-Zimmer,1195000,11247,3,
2015,10–19 Jahre,3-Zimmer,1085000,10236,3,
2015,Altbauten (umgebaut),3-Zimmer,948500,12028,3,
2015,Altbauten (nicht umgebaut),3-Zimmer,803660,9788,3,
2015,Total,3-Zimmer,1123000,11228,3,
2015,Neubauten (0–1 Jahre),4-Zimmer,1350000,10471,4,
2015,2–9 Jahre,4-Zimmer,1394000,10480,4,
2015,10–19 Jahre,4-Zimmer,1688000,13143,4,
2015,Altbauten (umgebaut),4-Zimmer,2035000,13870,4,
2015,Altbauten (nicht umgebaut),4-Zimmer,1120000,9901,4,
2015,Total,4-Zimmer,1360000,10730,4,
2015,Neubauten (0–1 Jahre),5-Zimmer,1720000,11300,5,
2015,2–9 Jahre,5-Zimmer,2050000,10505,5,
2015,10–19 Jahre,5-Zimmer,1545000,9089,5,
2015,Altbauten (umgebaut),5-Zimmer,1915000,11748,5,
2015,Altbauten (nicht umgebaut),5-Zimmer,1390750,9939,5,
2015,Total,5-Zimmer,1695000,11167,5,
2015,Neubauten (0–1 Jahre),6-Zimmer und mehr,1990000,11847,6,
2015,2–9 Jahre,6-Zimmer und mehr,5300000,18728,6,
2015,10–19 Jahre,6-Zimmer und mehr,2150000,12011,6,
2015,Altbauten (nicht umgebaut),6-Zimmer und mehr,2224720,15093,6,
2015,Total,6-Zimmer und mehr,2150000,13926,6,
2016,Neubauten (0–1 Jahre),1-Zimmer,930000,11923,1,
2016,2–9 Jahre,1-Zimmer,920000,18754,1,
2016,10–19 Jahre,1-Zimmer,1365000,13206,1,
2016,Altbauten (umgebaut),1-Zimmer,880000,13971,1,
2016,Altbauten (nicht umgebaut),1-Zimmer,239880,7931,1,
2016,Total,1-Zimmer,660500,11923,1,
2016,Neubauten (0–1 Jahre),2-Zimmer,917500,11983,2,
2016,2–9 Jahre,2-Zimmer,1540000,15467,2,
2016,10–19 Jahre,2-Zimmer,862500,17250,2,
2016,Altbauten (umgebaut),2-Zimmer,810000,13429,2,
2016,Altbauten (nicht umgebaut),2-Zimmer,590000,10624,2,
2016,Total,2-Zimmer,827500,12208,2,
2016,Neubauten (0–1 Jahre),3-Zimmer,1095000,10288,3,
2016,2–9 Jahre,3-Zimmer,1390000,11880,3,
2016,10–19 Jahre,3-Zimmer,1310000,14929,3,
2016,Altbauten (umgebaut),3-Zimmer,1700000,15724,3,
2016,Altbauten (nicht umgebaut),3-Zimmer,751940,9800,3,
2016,Total,3-Zimmer,1045000,10488,3,
2016,Neubauten (0–1 Jahre),4-Zimmer,1400000,10462,4,
2016,2–9 Jahre,4-Zimmer,1590000,11682,4,
2016,10–19 Jahre,4-Zimmer,1510000,13285,4,
2016,Altbauten (umgebaut),4-Zimmer,2148000,13942,4,
2016,Altbauten (nicht umgebaut),4-Zimmer,1016500,9884,4,
2016,Total,4-Zimmer,1365000,10792,4,
2016,Neubauten (0–1 Jahre),5-Zimmer,1825000,11598,5,
2016,2–9 Jahre,5-Zimmer,2050000,10938,5,
2016,10–19 Jahre,5-Zimmer,3060000,14037,5,
2016,Altbauten (umgebaut),5-Zimmer,1400000,10000,5,
2016,Altbauten (nicht umgebaut),5-Zimmer,1685000,11706,5,
2016,Total,5-Zimmer,1755000,11607,5,
2016,Neubauten (0–1 Jahre),6-Zimmer und mehr,3682500,15412,6,
2016,2–9 Jahre,6-Zimmer und mehr,4150000,16148,6,
2016,10–19 Jahre,6-Zimmer und mehr,1515000,7463,6,
2016,Altbauten (umgebaut),6-Zimmer und mehr,6640000,10779,6,
2016,Altbauten (nicht umgebaut),6-Zimmer und mehr,1975000,12421,6,
2016,Total,6-Zimmer und mehr,2372500,12153,6,
2017,Neubauten (0–1 Jahre),1-Zimmer,1667160,16673,1,
2017,2–9 Jahre,1-Zimmer,965000,16909,1,
2017,Altbauten (umgebaut),1-Zimmer,850000,12174,1,
2017,Altbauten (nicht umgebaut),1-Zimmer,360000,11207,1,
2017,Total,1-Zimmer,410000,12152,1,
2017,Neubauten (0–1 Jahre),2-Zimmer,775320,10969,2,
2017,2–9 Jahre,2-Zimmer,1227500,13746,2,
2017,10–19 Jahre,2-Zimmer,890000,17800,2,
2017,Altbauten (umgebaut),2-Zimmer,1020000,12643,2,
2017,Altbauten (nicht umgebaut),2-Zimmer,625000,10000,2,
2017,Total,2-Zimmer,899150,12209,2,
2017,Neubauten (0–1 Jahre),3-Zimmer,1176200,11818,3,
2017,2–9 Jahre,3-Zimmer,1575000,13218,3,
2017,10–19 Jahre,3-Zimmer,1001000,12963,3,
2017,Altbauten (umgebaut),3-Zimmer,1510000,15556,3,
2017,Altbauten (nicht umgebaut),3-Zimmer,795000,9815,3,
2017,Total,3-Zimmer,1110000,12136,3,
2017,Neubauten (0–1 Jahre),4-Zimmer,1395000,10466,4,
2017,2–9 Jahre,4-Zimmer,1530000,11455,4,
2017,10–19 Jahre,4-Zimmer,1841000,12903,4,
2017,Altbauten (umgebaut),4-Zimmer,1720000,13760,4,
2017,Altbauten (nicht umgebaut),4-Zimmer,1225000,11862,4,
2017,Total,4-Zimmer,1450000,11862,4,
2017,Neubauten (0–1 Jahre),5-Zimmer,1835000,11944,5,
2017,2–9 Jahre,5-Zimmer,2450000,14212,5,
2017,10–19 Jahre,5-Zimmer,2655000,12607,5,
2017,Altbauten (umgebaut),5-Zimmer,2350000,13429,5,
2017,Altbauten (nicht umgebaut),5-Zimmer,1500000,11256,5,
2017,Total,5-Zimmer,1867500,12554,5,
2017,Neubauten (0–1 Jahre),6-Zimmer und mehr,6725000,24018,6,
2017,2–9 Jahre,6-Zimmer und mehr,4705000,16250,6,
2017,10–19 Jahre,6-Zimmer und mehr,4000000,15992,6,
2017,Altbauten (umgebaut),6-Zimmer und mehr,3045000,12246,6,
2017,Altbauten (nicht umgebaut),6-Zimmer und mehr,2170000,13646,6,
2017,Total,6-Zimmer und mehr,3055000,13675,6,
2018,2–9 Jahre,1-Zimmer,810000,9940,1,
2018,10–19 Jahre,1-Zimmer,217000,12809,1,
2018,Altbauten (umgebaut),1-Zimmer,1840000,13143,1,
2018,Altbauten (nicht umgebaut),1-Zimmer,348960,13333,1,
2018,Total,1-Zimmer,730000,10948,1,
2018,Neubauten (0–1 Jahre),2-Zimmer,735000,12241,2,
2018,2–9 Jahre,2-Zimmer,1445000,11691,2,
2018,10–19 Jahre,2-Zimmer,1650000,15421,2,
2018,Altbauten (umgebaut),2-Zimmer,780000,11696,2,
2018,Altbauten (nicht umgebaut),2-Zimmer,677500,10045,2,
2018,Total,2-Zimmer,750000,11696,2,
2018,Neubauten (0–1 Jahre),3-Zimmer,1010000,11092,3,
2018,2–9 Jahre,3-Zimmer,1445000,13143,3,
2018,10–19 Jahre,3-Zimmer,1322500,14527,3,
2018,Altbauten (umgebaut),3-Zimmer,1460000,14582,3,
2018,Altbauten (nicht umgebaut),3-Zimmer,805000,10000,3,
2018,Total,3-Zimmer,1020000,11425,3,
2018,Neubauten (0–1 Jahre),4-Zimmer,1395000,11752,4,
2018,2–9 Jahre,4-Zimmer,1680000,11565,4,
2018,10–19 Jahre,4-Zimmer,1420000,11611,4,
2018,Altbauten (umgebaut),4-Zimmer,1860000,14220,4,
2018,Altbauten (nicht umgebaut),4-Zimmer,969500,10387,4,
2018,Total,4-Zimmer,1360000,11556,4,
2018,Neubauten (0–1 Jahre),5-Zimmer,1680000,12347,5,
2018,2–9 Jahre,5-Zimmer,2440750,14390,5,
2018,10–19 Jahre,5-Zimmer,1950000,12020,5,
2018,Altbauten (umgebaut),5-Zimmer,1555000,11870,5,
2018,Altbauten (nicht umgebaut),5-Zimmer,1737500,12532,5,
2018,Total,5-Zimmer,1755000,12481,5,
2018,Neubauten (0–1 Jahre),6-Zimmer und mehr,2575000,12945,6,
2018,2–9 Jahre,6-Zimmer und mehr,2560000,12814,6,
2018,Altbauten (umgebaut),6-Zimmer und mehr,3600000,17995,6,
2018,Altbauten (nicht umgebaut),6-Zimmer und mehr,2500000,13812,6,
2018,Total,6-Zimmer und mehr,2575000,13812,6,
2019,Neubauten (0–1 Jahre),1-Zimmer,625000,14038,1,
2019,2–9 Jahre,1-Zimmer,1480000,10571,1,
2019,10–19 Jahre,1-Zimmer,925000,14516,1,
2019,Altbauten (umgebaut),1-Zimmer,1180000,13296,1,
2019,Altbauten (nicht umgebaut),1-Zimmer,394600,13980,1,
2019,Total,1-Zimmer,525000,13352,1,
2019,Neubauten (0–1 Jahre),2-Zimmer,850000,13254,2,
2019,2–9 Jahre,2-Zimmer,1350000,12595,2,
2019,10–19 Jahre,2-Zimmer,1190000,17458,2,
2019,Altbauten (umgebaut),2-Zimmer,1225000,17421,2,
2019,Altbauten (nicht umgebaut),2-Zimmer,615000,11161,2,
2019,Total,2-Zimmer,815500,12353,2,
2019,Neubauten (0–1 Jahre),3-Zimmer,1407500,15834,3,
2019,2–9 Jahre,3-Zimmer,1497500,14469,3,
2019,10–19 Jahre,3-Zimmer,1300000,12498,3,
2019,Altbauten (umgebaut),3-Zimmer,1280000,13499,3,
2019,Altbauten (nicht umgebaut),3-Zimmer,850000,10465,3,
2019,Total,3-Zimmer,1225000,13239,3,
2019,Neubauten (0–1 Jahre),4-Zimmer,1441500,12334,4,
2019,2–9 Jahre,4-Zimmer,2145000,16319,4,
2019,10–19 Jahre,4-Zimmer,1285000,10247,4,
2019,Altbauten (umgebaut),4-Zimmer,1650000,17083,4,
2019,Altbauten (nicht umgebaut),4-Zimmer,1225000,11789,4,
2019,Total,4-Zimmer,1380000,12376,4,
2019,Neubauten (0–1 Jahre),5-Zimmer,1527500,12314,5,
2019,2–9 Jahre,5-Zimmer,2550000,16448,5,
2019,10–19 Jahre,5-Zimmer,2537120,13940,5,
2019,Altbauten (umgebaut),5-Zimmer,2359000,18441,5,
2019,Altbauten (nicht umgebaut),5-Zimmer,1500000,11967,5,
2019,Total,5-Zimmer,1750000,12950,5,
2019,Neubauten (0–1 Jahre),6-Zimmer und mehr,1890000,11386,6,
2019,10–19 Jahre,6-Zimmer und mehr,3575280,12143,6,
2019,Altbauten (umgebaut),6-Zimmer und mehr,1640000,9591,6,
2019,Altbauten (nicht umgebaut),6-Zimmer und mehr,1909500,10957,6,
2019,Total,6-Zimmer und mehr,1845000,11147,6,
2020,2–9 Jahre,1-Zimmer,1120000,20000,1,
2020,10–19 Jahre,1-Zimmer,2545000,15688,1,
2020,Altbauten (umgebaut),1-Zimmer,631000,13214,1,
2020,Altbauten (nicht umgebaut),1-Zimmer,366380,10202,1,
2020,Total,1-Zimmer,388080,11270,1,
2020,Neubauten (0–1 Jahre),2-Zimmer,955000,13534,2,
2020,2–9 Jahre,2-Zimmer,1060000,16000,2,
2020,10–19 Jahre,2-Zimmer,1430000,14361,2,
2020,Altbauten (umgebaut),2-Zimmer,1179500,17582,2,
2020,Altbauten (nicht umgebaut),2-Zimmer,659560,12990,2,
2020,Total,2-Zimmer,868000,13063,2,
2020,Neubauten (0–1 Jahre),3-Zimmer,1377500,13733,3,
2020,2–9 Jahre,3-Zimmer,1477500,15080,3,
2020,10–19 Jahre,3-Zimmer,1850000,16372,3,
2020,Altbauten (umgebaut),3-Zimmer,1620000,15882,3,
2020,Altbauten (nicht umgebaut),3-Zimmer,822730,11062,3,
2020,Total,3-Zimmer,1172500,13133,3,
2020,Neubauten (0–1 Jahre),4-Zimmer,1570000,13155,4,
2020,2–9 Jahre,4-Zimmer,2075000,15495,4,
2020,10–19 Jahre,4-Zimmer,1817000,13608,4,
2020,Altbauten (umgebaut),4-Zimmer,2331990,19028,4,
2020,Altbauten (nicht umgebaut),4-Zimmer,1175000,11207,4,
2020,Total,4-Zimmer,1495000,12647,4,
2020,Neubauten (0–1 Jahre),5-Zimmer,1732500,11860,5,
2020,2–9 Jahre,5-Zimmer,2480000,15563,5,
2020,10–19 Jahre,5-Zimmer,2370000,12363,5,
2020,Altbauten (umgebaut),5-Zimmer,3200000,18841,5,
2020,Altbauten (nicht umgebaut),5-Zimmer,2200000,15684,5,
2020,Total,5-Zimmer,2100000,13848,5,
2020,Neubauten (0–1 Jahre),6-Zimmer und mehr,4780000,19590,6,
2020,2–9 Jahre,6-Zimmer und mehr,5150000,20116,6,
2020,10–19 Jahre,6-Zimmer und mehr,3725000,14127,6,
2020,Altbauten (nicht umgebaut),6-Zimmer und mehr,2550000,15346,6,
2020,Total,6-Zimmer und mehr,2562500,16445,6,
2021,Neubauten (0–1 Jahre),1-Zimmer,737500,12353,1,
2021,10–19 Jahre,1-Zimmer,1747000,13214,1,
2021,Altbauten (umgebaut),1-Zimmer,298180,9339,1,
2021,Altbauten (nicht umgebaut),1-Zimmer,320000,12161,1,
2021,Total,1-Zimmer,610000,12161,1,
2021,Neubauten (0–1 Jahre),2-Zimmer,1080000,15109,2,
2021,2–9 Jahre,2-Zimmer,1330000,17273,2,
2021,10–19 Jahre,2-Zimmer,1794500,17775,2,
2021,Altbauten (umgebaut),2-Zimmer,782000,13964,2,
2021,Altbauten (nicht umgebaut),2-Zimmer,630000,11384,2,
2021,Total,2-Zimmer,817500,13550,2,
2021,Neubauten (0–1 Jahre),3-Zimmer,1215000,12500,3,
2021,2–9 Jahre,3-Zimmer,1825000,16009,3,
2021,10–19 Jahre,3-Zimmer,1360310,12365,3,
2021,Altbauten (umgebaut),3-Zimmer,1375000,13026,3,
2021,Altbauten (nicht umgebaut),3-Zimmer,970500,13005,3,
2021,Total,3-Zimmer,1195000,12761,3,
2021,Neubauten (0–1 Jahre),4-Zimmer,1465000,11259,4,
2021,2–9 Jahre,4-Zimmer,1905000,15868,4,
2021,10–19 Jahre,4-Zimmer,1550000,13070,4,
2021,Altbauten (umgebaut),4-Zimmer,1866590,15280,4,
2021,Altbauten (nicht umgebaut),4-Zimmer,1500000,15050,4,
2021,Total,4-Zimmer,1537500,13406,4,
2021,Neubauten (0–1 Jahre),5-Zimmer,1987500,13742,5,
2021,2–9 Jahre,5-Zimmer,2800000,18429,5,
2021,10–19 Jahre,5-Zimmer,3275000,16480,5,
2021,Altbauten (umgebaut),5-Zimmer,1850000,12171,5,
2021,Altbauten (nicht umgebaut),5-Zimmer,1800000,15657,5,
2021,Total,5-Zimmer,2200000,15357,5,
2021,Neubauten (0–1 Jahre),6-Zimmer und mehr,5224640,16437,6,
2021,10–19 Jahre,6-Zimmer und mehr,2250000,9971,6,
2021,Altbauten (nicht umgebaut),6-Zimmer und mehr,3600000,19275,6,
2021,Total,6-Zimmer und mehr,3240000,18506,6,
2022,2–9 Jahre,1-Zimmer,978000,20646,1,
2022,10–19 Jahre,1-Zimmer,1201250,17194,1,
2022,Altbauten (umgebaut),1-Zimmer,740000,18500,1,
2022,Altbauten (nicht umgebaut),1-Zimmer,460000,15359,1,
2022,Total,1-Zimmer,510310,15565,1,
2022,Neubauten (0–1 Jahre),2-Zimmer,953000,12708,2,
2022,2–9 Jahre,2-Zimmer,1440000,17934,2,
2022,10–19 Jahre,2-Zimmer,1872500,15807,2,
2022,Altbauten (umgebaut),2-Zimmer,982000,16367,2,
2022,Altbauten (nicht umgebaut),2-Zimmer,999700,16667,2,
2022,Total,2-Zimmer,1025000,14801,2,
2022,Neubauten (0–1 Jahre),3-Zimmer,1272150,12991,3,
2022,2–9 Jahre,3-Zimmer,1970000,18381,3,
2022,10–19 Jahre,3-Zimmer,1400000,13333,3,
2022,Altbauten (umgebaut),3-Zimmer,1727500,15364,3,
2022,Altbauten (nicht umgebaut),3-Zimmer,1157500,15473,3,
2022,Total,3-Zimmer,1306660,14375,3,
2022,Neubauten (0–1 Jahre),4-Zimmer,1610000,13851,4,
2022,2–9 Jahre,4-Zimmer,2300000,16685,4,
2022,10–19 Jahre,4-Zimmer,2000000,14679,4,
2022,Altbauten (umgebaut),4-Zimmer,1650000,17820,4,
2022,Altbauten (nicht umgebaut),4-Zimmer,1575000,15600,4,
2022,Total,4-Zimmer,1630000,14224,4,
2022,Neubauten (0–1 Jahre),5-Zimmer,1980000,14473,5,
2022,2–9 Jahre,5-Zimmer,2150000,15926,5,
2022,10–19 Jahre,5-Zimmer,2450000,14292,5,
2022,Altbauten (umgebaut),5-Zimmer,3650000,27863,5,
2022,Altbauten (nicht umgebaut),5-Zimmer,2260000,15649,5,
2022,Total,5-Zimmer,2201000,14919,5,
2022,Neubauten (0–1 Jahre),6-Zimmer und mehr,3650000,16295,6,
2022,10–19 Jahre,6-Zimmer und mehr,3725000,16946,6,
2022,Altbauten (umgebaut),6-Zimmer und mehr,3705000,24902,6,
2022,Altbauten (nicht umgebaut),6-Zimmer und mehr,3175000,18368,6,
2022,Total,6-Zimmer und mehr,3500000,18553,6,
2023,Neubauten (0–1 Jahre),1-Zimmer,670000,17742,1,
2023,2–9 Jahre,1-Zimmer,1000000,16808,1,
2023,10–19 Jahre,1-Zimmer,1300000,18581,1,
2023,Altbauten (umgebaut),1-Zimmer,730000,18806,1,
2023,Altbauten (nicht umgebaut),1-Zimmer,515500,17411,1,
2023,Total,1-Zimmer,592500,17532,1,
2023,Neubauten (0–1 Jahre),2-Zimmer,832500,11828,2,
2023,2–9 Jahre,2-Zimmer,1450000,20253,2,
2023,10–19 Jahre,2-Zimmer,1745000,16670,2,
2023,Altbauten (umgebaut),2-Zimmer,1750000,20349,2,
2023,Altbauten (nicht umgebaut),2-Zimmer,949420,16272,2,
2023,Total,2-Zimmer,890000,13920,2,
2023,Neubauten (0–1 Jahre),3-Zimmer,1267000,14574,3,
2023,2–9 Jahre,3-Zimmer,1970000,17608,3,
2023,10–19 Jahre,3-Zimmer,1684000,15593,3,
2023,Altbauten (umgebaut),3-Zimmer,1880000,14803,3,
2023,Altbauten (nicht umgebaut),3-Zimmer,1031440,13158,3,
2023,Total,3-Zimmer,1290000,14848,3,
2023,Neubauten (0–1 Jahre),4-Zimmer,1735000,15584,4,
2023,2–9 Jahre,4-Zimmer,2200000,16432,4,
2023,10–19 Jahre,4-Zimmer,2340000,16803,4,
2023,Altbauten (umgebaut),4-Zimmer,2185500,17685,4,
2023,Altbauten (nicht umgebaut),4-Zimmer,1575000,15181,4,
2023,Total,4-Zimmer,1734800,15674,4,
2023,Neubauten (0–1 Jahre),5-Zimmer,2127500,18289,5,
2023,2–9 Jahre,5-Zimmer,3100000,19139,5,
2023,10–19 Jahre,5-Zimmer,2180000,15880,5,
2023,Altbauten (umgebaut),5-Zimmer,2313740,13861,5,
2023,Altbauten (nicht umgebaut),5-Zimmer,1830000,13844,5,
2023,Total,5-Zimmer,2170000,16842,5,
2023,Neubauten (0–1 Jahre),6-Zimmer und mehr,2700000,13778,6,
2023,10–19 Jahre,6-Zimmer und mehr,2331000,13712,6,
2023,Altbauten (umgebaut),6-Zimmer und mehr,3555000,23543,6,
2023,Altbauten (nicht umgebaut),6-Zimmer und mehr,2900000,17131,6,
2023,Total,6-Zimmer und mehr,2850000,16193,6,
2024,Neubauten (0–1 Jahre),1-Zimmer,720000,14400,1,
2024,2–9 Jahre,1-Zimmer,1140000,19000,1,
2024,10–19 Jahre,1-Zimmer,1050000,15278,1,
2024,Altbauten (umgebaut),1-Zimmer,623000,16477,1,
2024,Altbauten (nicht umgebaut),1-Zimmer,610000,15591,1,
2024,Total,1-Zimmer,720000,15641,1,
2024,Neubauten (0–1 Jahre),2-Zimmer,1020000,16852,2,
2024,2–9 Jahre,2-Zimmer,1560000,20574,2,
2024,10–19 Jahre,2-Zimmer,1375000,21875,2,
2024,Altbauten (umgebaut),2-Zimmer,816500,11891,2,
2024,Altbauten (nicht umgebaut),2-Zimmer,1002000,16761,2,
2024,Total,2-Zimmer,1020000,17231,2,
2024,Neubauten (0–1 Jahre),3-Zimmer,1450000,15550,3,
2024,2–9 Jahre,3-Zimmer,1790000,17200,3,
2024,10–19 Jahre,3-Zimmer,1550000,14352,3,
2024,Altbauten (umgebaut),3-Zimmer,2165000,21095,3,
2024,Altbauten (nicht umgebaut),3-Zimmer,1300000,15263,3,
2024,Total,3-Zimmer,1383130,16225,3,
2024,Neubauten (0–1 Jahre),4-Zimmer,1892500,16962,4,
2024,2–9 Jahre,4-Zimmer,1860000,15765,4,
2024,10–19 Jahre,4-Zimmer,2625000,18267,4,
2024,Altbauten (umgebaut),4-Zimmer,2125000,20342,4,
2024,Altbauten (nicht umgebaut),4-Zimmer,1600000,15842,4,
2024,Total,4-Zimmer,1755000,16761,4,
2024,Neubauten (0–1 Jahre),5-Zimmer,2125000,16665,5,
2024,2–9 Jahre,5-Zimmer,2665000,15751,5,
2024,10–19 Jahre,5-Zimmer,2912500,18715,5,
2024,Altbauten (umgebaut),5-Zimmer,2620000,20000,5,
2024,Altbauten (nicht umgebaut),5-Zimmer,2105000,16031,5,
2024,Total,5-Zimmer,2300000,16840,5,
2024,Neubauten (0–1 Jahre),6-Zimmer und mehr,2950000,19156,6,
2024,10–19 Jahre,6-Zimmer und mehr,3160000,16443,6,
2024,Altbauten (umgebaut),6-Zimmer und mehr,2042120,14382,6,
2024,Altbauten (nicht umgebaut),6-Zimmer und mehr,4071750,22831,6,
2024,Total,6-Zimmer und mehr,2970000,16919,6,
